No.,Start of quiz time,End of quiz time,Duration,1.What is your role of job?,1.What is your role of job? [Optional blanks],2.How long have you been programming?,3.What programming languages have you often used?:Java,3.What programming languages have you often used?:C/C++,3.What programming languages have you often used?:Python,3.What programming languages have you often used?:Go,3.What programming languages have you often used?:JavaScript/TypeScript,3.What programming languages have you often used?:C#,3.What programming languages have you often used?:R,3.What programming languages have you often used?:Others____,3.What programming languages have you often used?:Others____[Optional blanks],4.What code completion tools have you used? :IDE built-in tool,4.What code completion tools have you used? :compiler-based tool,4.What code completion tools have you used? :Copilot,4.What code completion tools have you used? :Tabnine,4.What code completion tools have you used? :Intellicode,4.What code completion tools have you used? :Kite,4.What code completion tools have you used? :aiXcoder,4.What code completion tools have you used? :Others__,4.What code completion tools have you used? :Others__[Optional blanks],"5.Among those programming languages that you have often used, in which do you feel that the code completion does not work to your satisfaction?:Java","5.Among those programming languages that you have often used, in which do you feel that the code completion does not work to your satisfaction?:C/C++","5.Among those programming languages that you have often used, in which do you feel that the code completion does not work to your satisfaction?:Python","5.Among those programming languages that you have often used, in which do you feel that the code completion does not work to your satisfaction?:Go","5.Among those programming languages that you have often used, in which do you feel that the code completion does not work to your satisfaction?:JavaScript/TypeScript","5.Among those programming languages that you have often used, in which do you feel that the code completion does not work to your satisfaction?:C#","5.Among those programming languages that you have often used, in which do you feel that the code completion does not work to your satisfaction?:R","5.Among those programming languages that you have often used, in which do you feel that the code completion does not work to your satisfaction?:Satisfied with all programming languages","5.Among those programming languages that you have often used, in which do you feel that the code completion does not work to your satisfaction?:Others____","5.Among those programming languages that you have often used, in which do you feel that the code completion does not work to your satisfaction?:Others____[Optional blanks]",6.Do you think code completion is important?,"7.The following questions address the current state of use of existing code completion tools, and you will rate your agreement with these statements from your perspective.:I often use code completion tools","7.The following questions address the current state of use of existing code completion tools, and you will rate your agreement with these statements from your perspective.:I find programming laborious without code completion tools","7.The following questions address the current state of use of existing code completion tools, and you will rate your agreement with these statements from your perspective.:The tools are satisfying for me","7.The following questions address the current state of use of existing code completion tools, and you will rate your agreement with these statements from your perspective.:I am eager for a better code completion tool",8.The following questions are statements of possible issues with existing code completion tools. You will rate your agreement with these statements from your perspective.:Unsatisfying ranking (Do not improve my productivity)),8.The following questions are statements of possible issues with existing code completion tools. You will rate your agreement with these statements from your perspective.:High completion latency,8.The following questions are statements of possible issues with existing code completion tools. You will rate your agreement with these statements from your perspective.:High resource consumption (such as CPU and memory consumption)),8.The following questions are statements of possible issues with existing code completion tools. You will rate your agreement with these statements from your perspective.:Concern about data leakage,8.The following questions are statements of possible issues with existing code completion tools. You will rate your agreement with these statements from your perspective.:Erroneous completion,8.The following questions are statements of possible issues with existing code completion tools. You will rate your agreement with these statements from your perspective.:Painful tool installation,9.The following questions address helpfulness aspects of existing code completion tools. You will rate your agreement with these statements from your perspective.:Code completion can improve my efficiency,9.The following questions address helpfulness aspects of existing code completion tools. You will rate your agreement with these statements from your perspective.:Code completion can save my keystrokes,9.The following questions address helpfulness aspects of existing code completion tools. You will rate your agreement with these statements from your perspective.:Code completion can provide some hint (such as API names)),9.The following questions address helpfulness aspects of existing code completion tools. You will rate your agreement with these statements from your perspective.:Code completion can reduce my typing mistakes,9.The following questions address helpfulness aspects of existing code completion tools. You will rate your agreement with these statements from your perspective.:Code completion makes me more proactive (by providing great programming experience)),"10.Scenario 1: Identifier completion (variable name, function name, etc.):I expect to use completion in this scenario","10.Scenario 1: Identifier completion (variable name, function name, etc.):In practice, I often use code completion in this scenario","11.Scenario 2: API (function name, method name) recommendation:I expect to use completion in this scenario","11.Scenario 2: API (function name, method name) recommendation:In practice, I often use code completion in this scenario",12.Scenario 3: Completing when entering or referencing a path (completing the file name):I expect to use completion in this scenario,"12.Scenario 3: Completing when entering or referencing a path (completing the file name):In practice, I often use code completion in this scenario","13.You will choose to use the code completion instead of continuing to enter characters when the token you need is within the listed n candidates. How large could n be? (For example, if you are given five candidates for completion and the desired token is in the second position, you can choose to press the down arrow key twice to select the desired token; or if the desired token is in the fifth position, you can choose to enter more characters to make the desired token rank higher.)",14.What is the maximum delay you can accept?,"15.Evaluation metrics of token-level code completion tools.^lDo you think the following metrics can objectively measure the effectiveness of token-level code completion tools, or do these metrics perceptually reflect how good token-level code completion tools are?:Accuracy (Is the correct token listed at the first position?)","15.Evaluation metrics of token-level code completion tools.
Do you think the following metrics can objectively measure the effectiveness of token-level code completion tools, or do these metrics perceptually reflect how good token-level code completion tools are?:Average rank (The average rank of the correct token in the list))","15.Evaluation metrics of token-level code completion tools.
Do you think the following metrics can objectively measure the effectiveness of token-level code completion tools, or do these metrics perceptually reflect how good token-level code completion tools are?:Recall (Is the correct token listed at the first n positions?))","16.Access to service. 
We'll list three ways to deploy a token-level code completion tool and ask you how well you accept each of them.:Public network","16.Access to service. 
We'll list three ways to deploy a token-level code completion tool and ask you how well you accept each of them.:Internal network (e.g. company's private network))","16.Access to service. 
We'll list three ways to deploy a token-level code completion tool and ask you how well you accept each of them.:Offline (on users' native machines)",17.Scenario 1: Predicting the next full line based on the first n lines (grey non-comment statements are code completions):I expect to use completion in this scenario,"17.Scenario 1: Predicting the next full line based on the first n lines (grey non-comment statements are code completions):In practice, I often use code completion in this scenario",18.Scenario 2:  Completion of currently edited line. (Completing to the end of the line for the line being edited) (gray non-comment statements are code completions):I expect to use completion in this scenario,"18.Scenario 2:  Completion of currently edited line. (Completing to the end of the line for the line being edited) (gray non-comment statements are code completions):In practice, I often use code completion in this scenario",19.Scenario 3: API argument recommendation. API arguments are automatically predicted based on the context when the API is called (grey non-comment statements are code completions):I expect to use completion in this scenario,"19.Scenario 3: API argument recommendation. API arguments are automatically predicted based on the context when the API is called (grey non-comment statements are code completions):In practice, I often use code completion in this scenario",20.Scenario 4: Code completion by natural language (code comments) (grey non-comment statements for code completions):I expect to use completion in this scenario,"20.Scenario 4: Code completion by natural language (code comments) (grey non-comment statements for code completions):In practice, I often use code completion in this scenario","21.Scenario 5: Predicting the content of the next few words or lines as you type a string (comment, log) (gray non-comment statements are code completions):I expect to use completion in this scenario","21.Scenario 5: Predicting the content of the next few words or lines as you type a string (comment, log) (gray non-comment statements are code completions):In practice, I often use code completion in this scenario",22.Scenario 6: Automatic generation of function frames when defining classes or functions:I expect to use completion in this scenario,"22.Scenario 6: Automatic generation of function frames when defining classes or functions:In practice, I often use code completion in this scenario","23.Scenario 7: Automatically generating the contents of a block (if, while or function block):I expect to use completion in this scenario","23.Scenario 7: Automatically generating the contents of a block (if, while or function block):In practice, I often use code completion in this scenario","24.What do you think is more important for statement-level code completion, correctness or efficiency?

Correctness: Predicts less code, but the predicted code is all you need or correct, or requires only very few changes.

Efficiency: Predicts a lot of code, but the code contains some errors that need to be manually modified and reviewed.

A score of 1 to 5 means that correctness is significantly more important, correctness is more important, neutral, efficiency is more important, efficiency is significantly more important",25.What is the maximum percentage of generated code you would expect to manually modify?,"26.What is the minimum percentage of statements that you would expect to be fully grammatically correct?

Fully grammaticaly correct means compilable and runnable.","27.What is the maximum latency you expect the statement-level code completion tool to generate a line on average? (Assuming that it takes 1 second to generate one line, then it takes 5 seconds to generate 5 lines)","28.What is the maximum latency you expect the statement-level code completion tool to output completion results?

The maximum latency you can accept from the end of the input to outputing the result, regardless of the number of rows generated (The previous question asked for the latency of the average completion latency, but this one asks for the total latency of giving the completion result)","29.Evaluation metrics of statement-level code completion tools

Do you think the following metrics can objectively measure the effectiveness of statement-level code completion tools, or do these metrics perceptually reflect how good statement-level code completion tools are?:Overlapped N-grams between the generated code and the ground truth","29.Evaluation metrics of statement-level code completion tools

Do you think the following metrics can objectively measure the effectiveness of statement-level code completion tools, or do these metrics perceptually reflect how good statement-level code completion tools are?:Edit similarity between the generated code and the ground truth","29.Evaluation metrics of statement-level code completion tools

Do you think the following metrics can objectively measure the effectiveness of statement-level code completion tools, or do these metrics perceptually reflect how good statement-level code completion tools are?:Function similarity between the generated code and the ground truth","29.Evaluation metrics of statement-level code completion tools

Do you think the following metrics can objectively measure the effectiveness of statement-level code completion tools, or do these metrics perceptually reflect how good statement-level code completion tools are?:Readability of the generated code","29.Evaluation metrics of statement-level code completion tools

Do you think the following metrics can objectively measure the effectiveness of statement-level code completion tools, or do these metrics perceptually reflect how good statement-level code completion tools are?:Grammatical correctnes of the generated code","30.We'll list three ways to deploy statement-level code completion tools and ask you how well you accept each of them.:Public network (better completion results and no need to use native machine resources, but the machine must be connected to the network)","30.We'll list three ways to deploy statement-level code completion tools and ask you how well you accept each of them.:Internal network (better completion results and no need to use native machine resources, but the machine must be connected to the network)","30.We'll list three ways to deploy statement-level code completion tools and ask you how well you accept each of them.:Offline (Completion effect may be slightly worse, need to consume client machine computing resources)",31.What percentage of coding time do you expect the code completion tool to save you?,32.What percentage of keystrokes do you expect the code completion tool to help you save?,33.How much time can you accept to configure the code completion tool?,"34.I want the code completion tool to learn my programming habits.

For example, variable and function naming habits, indentation habits, etc.","35.I would like the code completion tool to give completions with some additional information about the code.

For example, when calling a function I can locate the function definition statement and show the definition and comments of the function"
102,2022/7/25 19:01,2022/7/25 19:03,106,C.Algorithm designer / data analyzer,,B.1~3 year(s),,B.C/C++,C.Python,,,,,,,A.IDE built-in tool,,,,,,,,,,,C.Python,,,,,,,,5,4,5,3,4,4,4,4,4,4,4,4,4,4,4,4,4,4,4,4,4,4,D.4,B.,4,4,4,4,4,4,3,1,4,4,4,4,2,1,4,4,4,4,4,1,4,C.60,C.60,C.1~1.5 second(s),C.2~5 second(s),4,4,4,4,4,4,4,4,B.40,B.40,B.1~5 minute(s),4,4
101,2022/7/25 18:55,2022/7/25 19:02,398,A.Developer,,C.3~5 year(s),,B.C/C++,C.Python,,,,,,,A.IDE built-in tool,,,,,,,,,,,,,,,,H.Satisfied with all programming languages,,,5,5,5,5,3,2,2,2,2,2,2,5,5,5,5,5,5,5,5,5,5,5,C.3,B.,5,5,5,5,5,5,3,3,3,3,3,3,3,3,3,3,3,3,3,3,1,A.20,E.100,A.0.5 second(s) within,A.0.5 second(s) within,5,5,5,5,5,5,5,5,C.60,C.60,E.20 minute(s)以上,5,5
100,2022/7/25 18:44,2022/7/25 18:58,846,C.Algorithm designer / data analyzer,,C.3~5 year(s),,B.C/C++,C.Python,,,,,,,A.IDE built-in tool,,,,,,,,,,B.C/C++,,,,,,,,,5,3,2,4,2,2,2,2,3,4,2,5,4,5,5,5,5,5,5,5,5,5,C.3,B.,4,4,4,3,4,5,4,4,3,1,5,5,5,2,4,3,5,5,5,4,4,B.40,C.60,B.0.5~1 second(s),B.0.5~2 second(s),3,3,4,4,4,3,4,5,B.40,B.40,E.20 minute(s)以上,3,5
99,2022/7/25 18:52,2022/7/25 18:56,271,C.Algorithm designer / data analyzer,,C.3~5 year(s),,B.C/C++,C.Python,,,,,,,A.IDE built-in tool,,,,,,,,,,B.C/C++,C.Python,,,,,,,,4,3,4,2,4,4,2,2,4,5,3,4,4,5,5,4,5,4,5,4,5,4,D.4,C.,4,5,4,4,4,5,3,2,4,2,3,2,2,2,3,2,2,2,2,2,2,C.60,C.60,B.0.5~1 second(s),B.0.5~2 second(s),4,4,5,4,5,4,4,4,C.60,C.60,D.120 minute(s),5,5
98,2022/7/25 18:18,2022/7/25 18:56,2275,F.Others____,Student,D.5~10 year(s),,B.C/C++,C.Python,,,,,,,A.IDE built-in tool,,C.Copilot,,,,,,,,B.C/C++,,,,,,,,,5,5,2,3,5,3,2,2,5,4,1,5,5,5,5,5,5,5,5,5,5,5,E.5+,F.,5,4,4,4,3,5,4,5,5,4,4,5,5,5,5,5,5,4,3,5,4,C.60,C.60,B.0.5~1 second(s),D.5~10 second(s),4,4,4,4,4,4,4,4,D.80,C.60,C.5~10 minute(s),5,5
97,2022/7/25 18:50,2022/7/25 18:54,200,C.Algorithm designer / data analyzer,,C.3~5 year(s),A.Java,,C.Python,,,,,,,A.IDE built-in tool,,,,E.Intellicode,F.Kite,G.aiXcoder,,,A.Java,,C.Python,,,,,,,,4,4,4,3,4,3,4,3,2,4,3,4,4,4,4,4,4,4,4,4,4,4,C.3,B.,4,4,3,4,4,4,4,4,4,4,4,4,4,4,4,4,4,4,4,4,4,B.40,B.40,A.0.5 second(s) within,A.0.5 second(s) within,4,4,4,4,4,4,4,4,B.40,B.40,B.1~5 minute(s),4,4
96,2022/7/25 18:52,2022/7/25 18:54,502,A.Developer,,A.less than1 year(s),,,,D.Go,,,,,,A.IDE built-in tool,,,,,,,,,,,,,,,,,I.Others____,,3,3,3,3,3,3,3,3,3,3,3,3,3,3,3,3,3,3,3,3,3,3,C.3,B.,3,3,3,3,3,3,3,3,3,3,3,3,3,3,3,3,3,3,3,3,3,C.60,C.60,C.1~1.5 second(s),B.0.5~2 second(s),3,3,3,3,3,3,3,3,B.40,A.20,B.1~5 minute(s),3,3
95,2022/7/25 18:37,2022/7/25 18:47,587,C.Algorithm designer / data analyzer,,D.5~10 year(s),,B.C/C++,C.Python,,,,,,,A.IDE built-in tool,,,,,,,,,,B.C/C++,C.Python,,,,,,,,3,2,1,2,1,3,2,1,1,4,3,2,2,4,4,3,4,4,4,4,3,2,C.3,D.,4,3,3,4,2,5,5,2,5,2,5,2,5,1,5,1,5,1,3,1,3,B.40,D.80,B.0.5~1 second(s),B.0.5~2 second(s),3,4,4,5,4,3,2,4,B.40,B.40,C.5~10 minute(s),4,4
94,2022/7/25 18:42,2022/7/25 18:46,243,C.Algorithm designer / data analyzer,,C.3~5 year(s),A.Java,B.C/C++,C.Python,,,,,,,A.IDE built-in tool,,,,,,,,,,B.C/C++,,,,,,,,,4,2,1,3,3,3,2,1,4,1,3,3,3,4,3,4,4,4,4,5,4,5,C.3,C.,4,3,4,4,3,4,4,5,5,5,5,5,5,5,4,5,5,4,4,4,5,C.60,B.40,B.0.5~1 second(s),C.2~5 second(s),4,3,4,4,5,4,4,5,A.20,B.40,B.1~5 minute(s),5,5
93,2022/7/25 18:37,2022/7/25 18:42,293,A.Developer,,B.1~3 year(s),,B.C/C++,C.Python,,,,,,,A.IDE built-in tool,,,,,,,,,,B.C/C++,,,,,,,,,5,3,2,2,3,2,3,2,3,3,5,5,5,5,5,5,2,2,5,5,5,5,D.4,C.,5,4,4,3,3,5,4,3,4,3,5,4,2,1,2,2,5,5,2,2,2,A.20,E.100,B.0.5~1 second(s),B.0.5~2 second(s),5,3,4,4,5,2,4,3,B.40,B.40,D.120 minute(s),5,5
92,2022/7/25 18:37,2022/7/25 18:40,188,A.Developer,,A.less than1 year(s),A.Java,,C.Python,,,,,,,A.IDE built-in tool,,,,,F.Kite,,,,,,C.Python,,,,,,,,5,3,5,3,3,5,5,3,5,3,3,5,5,5,5,5,5,5,5,5,5,5,B.2,A.,5,5,5,3,3,3,5,1,5,2,5,5,5,1,2,1,5,5,5,5,5,B.40,B.40,B.0.5~1 second(s),B.0.5~2 second(s),5,5,5,5,5,1,2,3,B.40,B.40,A.1 minute(s) within,5,5
91,2022/7/25 18:30,2022/7/25 18:39,558,A.Developer,,B.1~3 year(s),A.Java,,C.Python,,,,,,,A.IDE built-in tool,,,,,,,,,,,C.Python,,,,,H.Satisfied with all programming languages,,,5,5,5,4,5,2,3,3,2,3,3,5,5,5,5,5,5,5,5,5,5,5,C.3,B.,5,5,5,5,5,5,5,1,5,1,5,5,5,1,3,2,5,5,5,5,1,A.20,E.100,A.0.5 second(s) within,B.0.5~2 second(s),5,5,5,5,5,5,5,5,B.40,B.40,C.5~10 minute(s),5,5
90,2022/7/25 18:31,2022/7/25 18:38,401,C.Algorithm designer / data analyzer,,C.3~5 year(s),A.Java,,C.Python,,,,,,,A.IDE built-in tool,,,,,,,,,,B.C/C++,,,,,,,,,5,5,5,5,2,1,2,1,2,3,4,5,5,5,5,5,4,4,5,5,5,5,D.4,E.,5,4,4,3,3,5,5,2,5,5,5,5,4,1,2,1,5,5,5,5,3,A.20,C.60,A.0.5 second(s) within,B.0.5~2 second(s),5,5,4,4,5,5,3,3,C.60,B.40,B.1~5 minute(s),5,4
89,2022/7/25 18:36,2022/7/25 18:38,389,F.Others____,Application,B.1~3 year(s),A.Java,B.C/C++,C.Python,,,,,,,A.IDE built-in tool,,,,,,,,,A.Java,B.C/C++,C.Python,,,,,,,,3,3,3,3,3,3,3,3,3,3,3,3,3,3,3,3,3,3,3,3,3,3,C.3,A.,3,3,3,3,3,3,3,3,3,3,3,3,3,3,3,3,3,3,3,3,3,C.60,C.60,A.0.5 second(s) within,A.0.5 second(s) within,3,3,3,3,3,3,3,3,C.60,C.60,C.5~10 minute(s),3,3
88,2022/7/25 18:34,2022/7/25 18:36,601,B.Tester,,A.less than1 year(s),,B.C/C++,C.Python,,,F.C#,,,,A.IDE built-in tool,,,,,,,,,,,,,,,,H.Satisfied with all programming languages,,,5,2,5,2,5,3,5,5,5,5,5,5,5,5,5,5,5,5,5,5,5,5,E.5+,A.,5,5,5,5,5,5,5,3,3,5,2,5,5,5,5,5,5,5,5,5,5,E.100,D.80,B.0.5~1 second(s),A.0.5 second(s) within,5,5,5,5,5,5,5,5,B.40,C.60,C.5~10 minute(s),5,5
87,2022/7/25 18:30,2022/7/25 18:35,316,A.Developer,,C.3~5 year(s),A.Java,B.C/C++,C.Python,,,,,,,A.IDE built-in tool,,,,E.Intellicode,,,,,,B.C/C++,,,,,,,,,5,5,3,4,3,3,3,3,3,3,3,5,5,5,5,5,5,5,4,3,5,5,D.4,D.,5,5,5,4,3,5,5,5,4,4,4,4,5,4,4,4,4,4,4,4,4,B.40,D.80,B.0.5~1 second(s),B.0.5~2 second(s),5,5,5,5,5,5,4,5,D.80,C.60,B.1~5 minute(s),5,5
86,2022/7/25 18:13,2022/7/25 18:23,625,C.Algorithm designer / data analyzer,,B.1~3 year(s),,B.C/C++,C.Python,,,,,,,A.IDE built-in tool,,,,E.Intellicode,,,,,,,,,,,,H.Satisfied with all programming languages,,,5,5,5,3,3,4,2,2,2,5,4,5,5,5,5,5,5,5,4,4,5,5,C.3,D.,4,3,5,3,4,5,5,2,5,3,5,2,5,1,3,1,3,1,5,1,2,A.20,E.100,A.0.5 second(s) within,C.2~5 second(s),2,4,4,4,5,2,4,4,C.60,C.60,D.120 minute(s),5,5
85,2022/7/25 18:15,2022/7/25 18:22,459,C.Algorithm designer / data analyzer,,C.3~5 year(s),,B.C/C++,C.Python,,,,,,,A.IDE built-in tool,,,,,,,,,,,,,,,,H.Satisfied with all programming languages,,,2,4,2,5,1,3,3,2,1,2,5,4,5,5,4,4,5,5,5,2,5,4,C.3,D.,3,5,5,3,3,5,3,1,4,2,5,4,4,1,4,3,5,5,3,2,2,B.40,A.20,B.0.5~1 second(s),C.2~5 second(s),4,4,5,5,5,3,3,5,A.20,B.40,A.1 minute(s) within,2,4
84,2022/7/25 17:59,2022/7/25 18:19,1192,A.Developer,,C.3~5 year(s),,B.C/C++,C.Python,,,,,,,A.IDE built-in tool,,,,,,,,,,,,,,,,H.Satisfied with all programming languages,,,5,5,4,4,2,2,1,1,1,3,5,5,4,5,5,5,5,5,5,5,5,5,E.5+,A.,5,3,3,1,3,5,4,1,5,2,5,1,1,1,5,1,5,4,3,3,1,A.20,D.80,A.0.5 second(s) within,B.0.5~2 second(s),4,4,5,5,3,1,3,5,B.40,B.40,E.20 minute(s)以上,5,5
83,2022/7/25 18:11,2022/7/25 18:17,363,A.Developer,,C.3~5 year(s),A.Java,,C.Python,D.Go,,,,H.Others____,kotlin,A.IDE built-in tool,,,D.Tabnine,,,,,,,B.C/C++,,,,,,,,,5,5,5,3,5,4,1,2,1,1,1,5,5,5,5,5,5,5,5,5,5,5,E.5+,A.,4,4,5,3,5,5,1,1,1,1,1,1,1,1,1,1,1,1,1,1,1,A.20,E.100,A.0.5 second(s) within,A.0.5 second(s) within,5,5,5,5,5,3,5,3,C.60,D.80,A.1 minute(s) within,5,5
82,2022/7/25 18:07,2022/7/25 18:11,210,B.Tester,,B.1~3 year(s),A.Java,B.C/C++,C.Python,,E.JavaScript/TypeScript,,G.R,,,,,C.Copilot,,E.Intellicode,,,,,A.Java,B.C/C++,,,,,G.R,,,,4,3,2,4,2,3,2,4,3,2,1,4,3,1,3,5,4,2,2,2,4,4,B.2,A.,2,4,2,3,2,4,4,2,2,4,2,3,2,4,2,4,3,4,3,4,4,D.80,E.100,B.0.5~1 second(s),B.0.5~2 second(s),4,2,4,3,4,5,3,2,D.80,C.60,B.1~5 minute(s),3,3
81,2022/7/25 18:00,2022/7/25 18:10,600,A.Developer,,B.1~3 year(s),,,C.Python,,,,,,,A.IDE built-in tool,,,,,,,,,,B.C/C++,C.Python,,,,,,,,5,2,5,3,2,3,3,2,4,5,5,5,5,5,5,5,5,5,4,3,5,5,C.3,B.,4,5,4,3,1,5,3,3,5,3,5,3,3,2,5,3,5,3,4,3,2,A.20,C.60,A.0.5 second(s) within,B.0.5~2 second(s),4,4,5,5,5,3,2,4,A.20,B.40,E.20 minute(s)以上,5,5
80,2022/7/25 18:08,2022/7/25 18:09,184,B.Tester,,A.less than1 year(s),,B.C/C++,C.Python,,,,,,,A.IDE built-in tool,,,,,,,,,A.Java,B.C/C++,C.Python,,,,,,,,5,5,5,5,5,5,5,5,5,5,5,5,5,5,5,5,5,5,5,5,5,5,E.5+,A.,5,5,5,5,5,5,5,5,5,5,5,5,5,5,5,5,5,5,5,5,5,A.20,E.100,A.0.5 second(s) within,A.0.5 second(s) within,5,5,5,5,5,5,5,5,A.20,A.20,A.1 minute(s) within,5,5
79,2022/7/25 17:59,2022/7/25 18:07,479,F.Others____,,C.3~5 year(s),A.Java,B.C/C++,C.Python,,,,,,,A.IDE built-in tool,,,,,,,,,,,,,,,,H.Satisfied with all programming languages,,,5,5,3,4,3,2,1,1,2,2,1,5,5,5,5,5,5,5,5,5,5,5,C.3,C.,5,5,5,3,4,5,2,2,1,1,3,3,1,1,2,2,1,1,1,1,1,A.20,E.100,A.0.5 second(s) within,A.0.5 second(s) within,5,5,5,5,5,3,4,5,C.60,B.40,C.5~10 minute(s),5,5
78,2022/7/25 18:00,2022/7/25 18:06,372,A.Developer,,A.less than1 year(s),A.Java,B.C/C++,C.Python,,,,,,,A.IDE built-in tool,,,,,,,,,,B.C/C++,,,,,,,,,5,5,5,3,2,2,2,2,2,3,3,5,5,5,5,5,3,5,5,5,5,5,C.3,A.,5,3,5,5,5,5,5,5,5,5,5,5,5,5,5,5,5,5,5,5,5,A.20,E.100,A.0.5 second(s) within,A.0.5 second(s) within,5,5,5,5,5,5,5,5,E.100,E.100,E.20 minute(s)以上,5,5
77,2022/7/25 18:03,2022/7/25 18:06,153,C.Algorithm designer / data analyzer,,C.3~5 year(s),A.Java,,C.Python,,,,,,,A.IDE built-in tool,,,,,,,,,,,C.Python,,,,,,,,5,2,3,3,2,2,3,3,1,1,1,5,5,5,5,5,5,5,5,1,5,1,C.3,B.,5,5,5,5,5,5,5,5,5,1,5,1,5,1,5,2,5,2,5,2,2,A.20,A.20,B.0.5~1 second(s),B.0.5~2 second(s),4,3,2,2,5,5,5,5,B.40,B.40,D.120 minute(s),5,5
76,2022/7/25 17:56,2022/7/25 18:05,536,C.Algorithm designer / data analyzer,,C.3~5 year(s),,,C.Python,,,,G.R,H.Others____,matlab,A.IDE built-in tool,,,,,F.Kite,,,,,,,,,,,H.Satisfied with all programming languages,,,5,5,5,4,5,1,1,1,1,2,1,5,3,2,5,5,5,5,5,3,4,1,C.3,A.,3,5,5,2,5,3,3,1,4,2,1,1,4,1,5,5,5,5,4,1,1,A.20,E.100,A.0.5 second(s) within,B.0.5~2 second(s),4,3,5,5,5,2,5,4,B.40,B.40,B.1~5 minute(s),5,3
75,2022/7/25 17:58,2022/7/25 18:05,405,C.Algorithm designer / data analyzer,,C.3~5 year(s),,B.C/C++,C.Python,,,,,,,A.IDE built-in tool,,,,,,,,,,B.C/C++,,,,,,,,,5,3,3,4,3,3,2,2,2,2,5,4,4,4,4,4,5,5,5,5,4,3,C.3,B.,5,4,4,5,3,5,4,1,5,1,5,1,5,1,5,1,5,1,5,1,2,B.40,E.100,B.0.5~1 second(s),B.0.5~2 second(s),3,4,4,5,5,5,3,4,B.40,B.40,B.1~5 minute(s),5,5
74,2022/7/25 17:55,2022/7/25 18:04,510,F.Others____,,B.1~3 year(s),,,C.Python,,,,,,,A.IDE built-in tool,,,,,,,,,,,,,,,,H.Satisfied with all programming languages,,,4,4,3,5,3,2,2,2,2,2,1,5,5,5,5,5,5,5,5,5,5,5,D.4,E.,5,3,3,5,5,5,4,4,5,5,5,5,4,4,2,2,5,5,5,5,4,C.60,E.100,A.0.5 second(s) within,B.0.5~2 second(s),4,4,4,4,4,4,4,3,C.60,B.40,D.120 minute(s),5,5
73,2022/7/25 18:02,2022/7/25 18:03,583,C.Algorithm designer / data analyzer,,B.1~3 year(s),A.Java,,C.Python,,,,,,,A.IDE built-in tool,,,,,,,,,,,C.Python,,,,,,,,4,4,4,4,4,2,2,2,4,2,4,4,4,4,4,4,4,4,4,4,4,4,C.3,G.,4,4,4,3,3,3,4,4,4,4,3,4,4,3,4,3,3,4,3,3,4,C.60,D.80,B.0.5~1 second(s),B.0.5~2 second(s),4,4,3,3,4,4,3,3,B.40,B.40,A.1 minute(s) within,4,3
72,2022/7/25 17:58,2022/7/25 18:03,297,C.Algorithm designer / data analyzer,,C.3~5 year(s),,,C.Python,,,,,,,A.IDE built-in tool,,,,,,,,,,,,,,,,H.Satisfied with all programming languages,,,3,5,4,5,1,1,1,1,1,1,1,5,5,5,5,5,5,5,5,5,5,5,D.4,E.,4,4,4,2,2,5,1,1,2,2,2,2,1,1,1,1,1,1,1,1,1,C.60,D.80,A.0.5 second(s) within,A.0.5 second(s) within,4,4,1,4,5,1,1,5,C.60,C.60,B.1~5 minute(s),4,1
71,2022/7/25 17:58,2022/7/25 18:02,238,C.Algorithm designer / data analyzer,,B.1~3 year(s),,B.C/C++,C.Python,,,,,,,A.IDE built-in tool,,,,,,,,,,B.C/C++,C.Python,,,,,,,,4,3,4,3,2,3,3,2,4,3,4,4,4,4,4,4,3,3,5,5,3,3,D.4,B.,4,3,3,4,2,4,4,4,4,4,4,3,4,4,4,4,4,4,4,4,3,C.60,C.60,C.1~1.5 second(s),B.0.5~2 second(s),3,3,3,4,3,3,3,4,A.20,A.20,A.1 minute(s) within,3,3
70,2022/7/25 17:58,2022/7/25 17:59,103,C.Algorithm designer / data analyzer,,A.less than1 year(s),A.Java,B.C/C++,C.Python,,,,,,,,,,D.Tabnine,E.Intellicode,,,,,A.Java,,C.Python,,,,,,,,5,5,3,2,4,4,2,4,2,3,4,2,3,2,3,2,3,3,3,4,3,3,C.3,B.,3,2,4,3,3,2,3,3,3,2,3,2,3,3,3,3,3,3,3,3,3,C.60,B.40,A.0.5 second(s) within,A.0.5 second(s) within,3,3,3,3,3,2,3,3,B.40,B.40,B.1~5 minute(s),3,2
69,2022/7/25 17:58,2022/7/25 17:59,103,C.Algorithm designer / data analyzer,,C.3~5 year(s),,B.C/C++,C.Python,,,,,,,A.IDE built-in tool,,,,,,,,,,B.C/C++,,,,,,,,,5,3,3,3,3,4,4,2,5,4,4,4,4,4,4,4,4,4,4,3,4,2,D.4,G.,4,4,3,4,3,2,4,3,4,3,4,4,5,5,5,5,5,4,4,1,5,D.80,B.40,D.1.5~2 second(s),D.5~10 second(s),5,5,4,4,4,5,5,5,A.20,B.40,B.1~5 minute(s),5,1
68,2022/7/24 18:58,2022/7/24 19:04,355,C.Algorithm designer / data analyzer,,C.3~5 year(s),,B.C/C++,C.Python,,,,,,,A.IDE built-in tool,,,,,,,,,,B.C/C++,,,,,,,,,5,4,5,3,3,3,1,1,1,4,4,5,5,5,5,5,5,5,5,5,4,5,C.3,B.,4,4,5,2,3,5,4,2,4,2,4,3,3,1,4,3,4,2,5,3,5,B.40,D.80,A.0.5 second(s) within,,2,4,5,5,5,3,4,5,B.40,C.60,E.20 minute(s)以上,4,5
67,2022/7/24 18:38,2022/7/24 18:45,390,B.Tester,,B.1~3 year(s),A.Java,B.C/C++,C.Python,,,,,,,A.IDE built-in tool,,,,,,,,,,,,,,,,H.Satisfied with all programming languages,,,5,3,3,3,3,2,2,2,2,2,2,4,4,4,4,4,5,4,5,4,5,4,B.2,G.,4,3,4,4,4,4,3,3,4,4,3,3,3,3,4,4,4,4,4,4,3,B.40,B.40,A.0.5 second(s) within,,4,4,4,4,4,4,4,4,B.40,A.20,C.5~10 minute(s),3,4
66,2022/7/24 18:08,2022/7/24 18:19,642,A.Developer,,C.3~5 year(s),,,C.Python,,,,,,,A.IDE built-in tool,,,,,,,,,,,,,,,,H.Satisfied with all programming languages,,,5,4,5,4,2,2,1,1,1,5,3,5,5,5,5,5,5,5,4,2,5,2,C.3,D.,3,5,4,4,3,5,5,1,4,1,5,1,4,1,3,1,5,2,4,1,2,A.20,D.80,A.0.5 second(s) within,,3,4,5,5,5,4,3,5,A.20,B.40,C.5~10 minute(s),3,5
65,2022/7/24 15:09,2022/7/24 15:13,228,D.Project manager,,D.5~10 year(s),,B.C/C++,C.Python,,,,,H.Others____,Rust,A.IDE built-in tool,,C.Copilot,,,,,,,,,,,,,,H.Satisfied with all programming languages,,,5,5,4,4,5,2,1,1,4,3,2,5,5,5,5,5,5,5,4,4,4,4,A.1,B.,5,1,1,5,5,5,5,5,5,5,5,5,1,1,4,4,4,4,5,5,4,B.40,E.100,B.0.5~1 second(s),,2,2,5,5,5,5,5,5,E.100,E.100,A.1 minute(s) within,5,5
64,2022/7/24 10:17,2022/7/24 10:50,2028,A.Developer,,C.3~5 year(s),,B.C/C++,C.Python,,,,,,,A.IDE built-in tool,,,,,,,,,,B.C/C++,,,,,,,,,5,2,3,2,4,4,2,1,2,1,2,5,3,5,4,3,5,5,4,5,4,2,C.3,E.,3,4,5,4,4,5,5,1,5,2,5,1,5,1,4,1,5,1,5,1,2,B.40,D.80,A.0.5 second(s) within,,2,3,5,5,5,4,5,4,C.60,C.60,E.20 minute(s)以上,3,4
63,2022/7/24 09:28,2022/7/24 09:41,798,C.Algorithm designer / data analyzer,,B.1~3 year(s),,B.C/C++,C.Python,,,,,,,A.IDE built-in tool,,C.Copilot,,,,,,,,,,,,,,H.Satisfied with all programming languages,,,5,5,3,3,5,5,4,1,1,5,5,5,5,5,5,5,5,5,5,5,5,5,E.5+,D.,3,5,5,2,3,5,5,5,5,5,5,5,5,3,5,5,5,5,5,5,2,B.40,D.80,B.0.5~1 second(s),,4,5,5,5,4,5,5,2,B.40,B.40,C.5~10 minute(s),5,5
62,2022/7/24 08:18,2022/7/24 08:36,1086,E.Architect,,B.1~3 year(s),,B.C/C++,C.Python,,,,,,,A.IDE built-in tool,,,,,,,,,,,,,,,,H.Satisfied with all programming languages,,,2,3,1,1,1,2,1,1,1,1,1,5,5,4,5,5,5,5,5,5,5,5,C.3,D.,3,5,4,2,3,5,3,1,3,1,3,1,4,1,4,1,5,1,4,1,1,A.20,D.80,B.0.5~1 second(s),,2,3,4,4,5,5,5,3,A.20,A.20,B.1~5 minute(s),4,5
61,2022/7/24 08:29,2022/7/24 08:33,288,C.Algorithm designer / data analyzer,,D.5~10 year(s),,B.C/C++,C.Python,,,,,,,A.IDE built-in tool,,C.Copilot,,,,,,,,B.C/C++,,,,,,,,,5,5,3,4,2,3,4,4,3,4,4,5,4,4,4,5,4,5,5,4,5,4,D.4,D.,5,4,3,4,4,2,5,4,5,4,4,3,3,4,3,3,5,4,4,4,3,A.20,A.20,A.0.5 second(s) within,,4,4,4,4,5,5,4,3,C.60,B.40,C.5~10 minute(s),5,5
60,2022/7/24 00:26,2022/7/24 00:32,369,C.Algorithm designer / data analyzer,,C.3~5 year(s),,,C.Python,,,,,,,A.IDE built-in tool,,,,,,,,,,,,,,,,H.Satisfied with all programming languages,,,5,5,4,3,2,2,1,1,1,5,3,5,5,5,5,5,5,5,5,5,5,5,A.1,C.,5,4,3,3,4,5,3,2,4,2,4,3,4,1,2,1,4,4,3,2,2,B.40,C.60,B.0.5~1 second(s),,3,3,5,5,5,4,5,4,A.20,B.40,C.5~10 minute(s),4,4
59,2022/7/24 00:13,2022/7/24 00:17,246,C.Algorithm designer / data analyzer,,B.1~3 year(s),,B.C/C++,C.Python,,,,,,,A.IDE built-in tool,,,,,,,,,,B.C/C++,,,,,,,,,4,2,2,2,4,4,2,2,2,3,2,4,4,4,4,4,5,5,2,2,4,4,C.3,C.,4,3,4,3,4,5,4,2,4,3,4,4,5,2,3,3,4,4,4,2,2,B.40,B.40,B.0.5~1 second(s),,4,4,2,4,4,4,5,5,B.40,B.40,E.20 minute(s)以上,4,4
58,2022/7/23 23:51,2022/7/23 23:59,486,A.Developer,,C.3~5 year(s),,B.C/C++,C.Python,,E.JavaScript/TypeScript,,,,,A.IDE built-in tool,,,,,,,,,,,,,E.JavaScript/TypeScript,,,,,,5,5,5,3,4,3,3,2,1,4,2,4,5,4,5,3,5,5,4,4,5,5,C.3,E.,4,4,3,3,3,3,3,3,5,5,4,3,3,2,2,2,4,3,3,2,2,A.20,D.80,C.1~1.5 second(s),,3,3,4,4,4,3,3,3,A.20,B.40,C.5~10 minute(s),4,5
57,2022/7/23 23:50,2022/7/23 23:53,227,B.Tester,,B.1~3 year(s),A.Java,B.C/C++,C.Python,,,,,,,A.IDE built-in tool,,,,,,,,,,,C.Python,,,,,,,,4,4,4,5,1,2,1,1,1,4,1,5,5,5,5,5,5,5,5,5,2,2,E.5+,D.,5,5,5,1,1,5,1,1,1,1,1,1,1,1,1,1,1,1,1,1,1,C.60,C.60,D.1.5~2 second(s),,5,5,5,5,5,1,1,5,C.60,C.60,B.1~5 minute(s),5,5
56,2022/7/23 23:41,2022/7/23 23:48,413,F.Others____,Application,B.1~3 year(s),,,C.Python,,,,G.R,,,A.IDE built-in tool,,,,,F.Kite,,,,,,C.Python,,,,,,,,5,5,3,3,5,3,2,2,2,2,2,4,4,4,4,4,5,5,5,5,5,5,C.3,B.,5,4,4,3,4,5,3,2,5,3,5,3,5,2,3,2,5,4,5,3,1,B.40,D.80,A.0.5 second(s) within,,5,5,5,5,5,2,3,5,C.60,C.60,C.5~10 minute(s),5,5
55,2022/7/23 23:36,2022/7/23 23:46,612,A.Developer,,D.5~10 year(s),,B.C/C++,C.Python,,E.JavaScript/TypeScript,,,,,A.IDE built-in tool,,C.Copilot,,E.Intellicode,,,,,,,,,E.JavaScript/TypeScript,,,,,,4,3,3,2,2,4,1,2,1,4,2,4,5,4,3,3,5,5,5,5,5,4,C.3,C.,4,4,5,2,4,4,4,4,4,4,4,5,3,1,3,2,5,4,5,5,1,A.20,E.100,B.0.5~1 second(s),,2,4,4,5,5,2,4,4,C.60,C.60,E.20 minute(s)以上,3,4
54,2022/7/23 23:14,2022/7/23 23:21,414,C.Algorithm designer / data analyzer,,B.1~3 year(s),,B.C/C++,C.Python,,,,,,,A.IDE built-in tool,,,,,F.Kite,,,,,B.C/C++,,,,,,,,,2,5,5,4,2,2,1,4,1,1,1,5,5,5,5,5,5,4,5,5,4,5,E.5+,D.,4,4,5,2,2,5,5,2,5,2,4,1,4,1,2,1,5,1,4,1,1,B.40,D.80,B.0.5~1 second(s),,4,4,1,5,5,2,1,5,B.40,C.60,C.5~10 minute(s),5,5
53,2022/7/23 22:13,2022/7/23 22:19,357,C.Algorithm designer / data analyzer,,B.1~3 year(s),,B.C/C++,C.Python,,,,,,,A.IDE built-in tool,,,D.Tabnine,E.Intellicode,,,,,,B.C/C++,C.Python,,,,,,,,5,5,5,3,5,3,1,1,1,5,3,5,5,5,5,5,5,5,5,5,5,5,C.3,D.,2,3,4,2,2,5,2,2,4,3,4,3,2,1,4,2,5,5,5,4,2,D.80,B.40,A.0.5 second(s) within,,2,4,4,3,4,2,2,5,A.20,B.40,D.120 minute(s),4,5
52,2022/7/23 22:00,2022/7/23 22:07,411,A.Developer,,B.1~3 year(s),,B.C/C++,,,,,,,,A.IDE built-in tool,B.compiler-based tool,,,,,,,,,B.C/C++,,,,,,,,,5,5,5,4,5,5,3,3,2,5,5,5,5,5,5,5,5,5,5,5,4,4,C.3,B.,4,4,5,5,5,5,2,2,3,3,3,3,2,2,1,1,1,1,1,1,2,C.60,C.60,B.0.5~1 second(s),,5,5,5,5,5,5,5,5,C.60,C.60,E.20 minute(s)以上,5,5
51,2022/7/23 21:51,2022/7/23 22:01,572,A.Developer,,C.3~5 year(s),,B.C/C++,C.Python,,,,,,,A.IDE built-in tool,,,,,,,,,,B.C/C++,,,,,,,,,5,3,2,3,3,4,3,2,2,4,3,5,5,5,5,5,5,5,5,5,3,3,C.3,F.,5,5,5,3,3,5,2,1,3,3,4,4,3,3,5,5,5,5,2,2,1,A.20,E.100,C.1~1.5 second(s),,4,4,5,5,5,3,3,5,A.20,A.20,E.20 minute(s)以上,5,5
50,2022/7/23 21:53,2022/7/23 21:57,269,A.Developer,,C.3~5 year(s),,B.C/C++,C.Python,D.Go,,,,,,A.IDE built-in tool,B.compiler-based tool,C.Copilot,D.Tabnine,E.Intellicode,,,,,,B.C/C++,,,,,,,,,2,3,2,4,3,4,3,5,5,5,3,2,4,4,4,2,4,4,3,3,5,5,C.3,B.,5,5,5,1,1,5,2,2,4,4,3,3,3,3,2,2,2,2,1,1,1,B.40,D.80,A.0.5 second(s) within,,4,5,4,4,4,2,2,4,B.40,B.40,B.1~5 minute(s),4,4
49,2022/7/23 21:43,2022/7/23 21:48,280,C.Algorithm designer / data analyzer,,C.3~5 year(s),,B.C/C++,C.Python,,E.JavaScript/TypeScript,,,,,A.IDE built-in tool,,,,,,,,,A.Java,,,,,,,,,,2,4,1,2,2,2,1,1,1,1,1,2,4,1,4,2,4,4,2,2,1,1,A.1,B.,5,1,1,3,3,5,1,1,4,4,1,1,2,2,2,2,4,4,1,1,1,A.20,E.100,A.0.5 second(s) within,,3,4,2,4,4,2,2,5,B.40,B.40,E.20 minute(s)以上,4,4
48,2022/7/23 21:34,2022/7/23 21:40,381,C.Algorithm designer / data analyzer,,C.3~5 year(s),,B.C/C++,C.Python,,,,,,,A.IDE built-in tool,,,,,,,,,,B.C/C++,C.Python,,,,,,,,5,4,4,2,3,2,2,2,4,4,3,5,5,5,5,5,5,5,5,5,5,5,C.3,C.,5,5,5,3,4,4,5,2,5,2,5,2,5,1,5,2,5,2,5,1,5,A.20,D.80,B.0.5~1 second(s),,5,5,5,5,5,4,4,2,C.60,D.80,B.1~5 minute(s),5,5
47,2022/7/23 21:30,2022/7/23 21:35,288,F.Others____,Student,B.1~3 year(s),,B.C/C++,C.Python,,E.JavaScript/TypeScript,,,,,A.IDE built-in tool,,,D.Tabnine,E.Intellicode,,,,,,B.C/C++,,,,,,,,,5,5,5,2,2,4,1,2,1,5,3,5,5,5,5,5,5,5,5,5,5,5,E.5+,D.,5,4,3,4,4,4,3,1,5,5,4,3,4,1,5,5,3,2,2,1,1,A.20,E.100,B.0.5~1 second(s),,3,4,5,4,4,4,4,4,B.40,D.80,C.5~10 minute(s),4,4
46,2022/7/23 21:28,2022/7/23 21:32,241,B.Tester,,C.3~5 year(s),,,C.Python,,E.JavaScript/TypeScript,,,,,A.IDE built-in tool,,C.Copilot,,,F.Kite,,,,,,C.Python,,,,,,,,3,3,4,2,4,4,2,4,1,1,2,5,3,4,3,4,5,4,3,4,3,3,C.3,D.,3,4,3,4,5,5,3,3,4,4,4,4,4,5,4,4,4,4,4,4,2,A.20,D.80,C.1~1.5 second(s),,4,4,4,5,5,4,5,5,B.40,A.20,D.120 minute(s),3,5
45,2022/7/23 20:42,2022/7/23 21:32,2988,A.Developer,,C.3~5 year(s),A.Java,B.C/C++,C.Python,,E.JavaScript/TypeScript,,,,,A.IDE built-in tool,,,,,,,H.Others__,IntelliSense,,B.C/C++,,,,,,,,,5,5,4,2,3,3,1,1,1,2,5,5,1,5,5,5,5,5,5,5,3,3,A.1,D.,5,4,4,1,5,5,1,1,2,1,4,3,1,1,1,1,1,1,1,1,2,D.80,B.40,A.0.5 second(s) within,,2,4,1,5,5,1,5,5,A.20,A.20,C.5~10 minute(s),5,5
44,2022/7/23 21:20,2022/7/23 21:31,706,C.Algorithm designer / data analyzer,,C.3~5 year(s),,B.C/C++,C.Python,,,,,,,A.IDE built-in tool,,,,,,,,,,,,,,,,,I.Others____,还挺满意,5,5,4,4,4,3,1,2,3,3,3,5,5,5,5,5,5,5,4,4,5,3,C.3,C.,4,5,5,2,4,5,4,4,5,5,4,4,3,1,4,3,5,4,4,3,1,B.40,E.100,C.1~1.5 second(s),,2,3,5,5,5,2,5,5,C.60,B.40,E.20 minute(s)以上,4,5
43,2022/7/23 21:20,2022/7/23 21:21,456,A.Developer,,C.3~5 year(s),A.Java,B.C/C++,,,,,,,,A.IDE built-in tool,,,,,,,,,A.Java,,,,,,,,,,5,5,5,5,5,5,5,5,5,5,5,5,5,5,5,5,5,5,5,5,5,5,C.3,G.,4,4,5,4,4,5,5,1,5,3,5,2,3,2,2,2,4,4,4,3,5,C.60,C.60,D.1.5~2 second(s),,5,4,5,5,5,5,5,4,C.60,C.60,B.1~5 minute(s),5,5
42,2022/7/23 21:16,2022/7/23 21:20,258,C.Algorithm designer / data analyzer,,C.3~5 year(s),,B.C/C++,C.Python,,,,,,,A.IDE built-in tool,,C.Copilot,,E.Intellicode,,,,,,,C.Python,,,,,,,,4,4,2,3,4,2,3,2,4,4,1,4,4,4,4,4,3,4,5,5,5,5,B.2,D.,3,4,4,4,5,5,5,5,5,5,5,5,3,2,4,4,5,5,5,5,3,D.80,B.40,B.0.5~1 second(s),,3,5,5,4,5,4,5,4,B.40,C.60,B.1~5 minute(s),5,3
41,2022/7/23 21:18,2022/7/23 21:20,238,C.Algorithm designer / data analyzer,,B.1~3 year(s),A.Java,,C.Python,,,,,,,A.IDE built-in tool,,,,,,,,,,,C.Python,,,,,,,,5,4,3,2,3,3,3,3,3,3,3,3,3,3,3,3,5,5,4,4,5,5,C.3,C.,3,4,3,3,4,3,3,4,4,3,4,3,4,3,3,4,4,3,3,4,4,B.40,C.60,C.1~1.5 second(s),,4,4,3,4,4,3,3,3,C.60,C.60,C.5~10 minute(s),4,3
40,2022/7/23 21:14,2022/7/23 21:19,340,C.Algorithm designer / data analyzer,,B.1~3 year(s),,B.C/C++,C.Python,,,,,,,A.IDE built-in tool,,,,,,,,,,,C.Python,,,,,,,,4,5,4,3,3,2,2,3,2,3,3,5,4,5,5,5,4,4,5,5,4,3,C.3,C.,3,4,4,4,4,4,3,3,3,3,4,3,3,2,3,4,4,4,4,4,2,B.40,C.60,B.0.5~1 second(s),,2,4,4,5,5,4,4,4,B.40,C.60,E.20 minute(s)以上,4,4
39,2022/7/23 21:17,2022/7/23 21:19,254,A.Developer,,C.3~5 year(s),A.Java,B.C/C++,C.Python,,,,,,,A.IDE built-in tool,,,,E.Intellicode,,,,,,B.C/C++,C.Python,,,,,,,,5,5,5,5,5,3,2,2,4,2,2,5,5,5,5,5,5,5,5,5,5,5,D.4,E.,5,4,5,5,5,5,3,5,3,1,3,1,2,1,2,1,1,1,4,2,5,C.60,D.80,C.1~1.5 second(s),,4,5,5,3,2,5,5,5,C.60,C.60,C.5~10 minute(s),5,5
38,2022/7/23 21:05,2022/7/23 21:17,704,C.Algorithm designer / data analyzer,,B.1~3 year(s),,B.C/C++,C.Python,,,,,,,A.IDE built-in tool,,,,,,,,,,B.C/C++,,,,,,,,,4,4,5,3,2,3,3,4,2,4,5,4,5,5,5,5,5,5,5,5,5,5,C.3,D.,4,3,4,2,4,5,5,4,5,5,3,2,2,2,4,4,4,4,2,2,2,B.40,D.80,C.1~1.5 second(s),,4,4,4,5,5,2,2,4,C.60,D.80,C.5~10 minute(s),4,4
37,2022/7/23 21:14,2022/7/23 21:16,332,A.Developer,,B.1~3 year(s),A.Java,,C.Python,D.Go,E.JavaScript/TypeScript,,,,,,,C.Copilot,,E.Intellicode,,,,,,,C.Python,,E.JavaScript/TypeScript,,,,,,5,5,5,5,5,1,2,2,2,1,2,5,5,5,5,5,5,5,5,5,5,5,C.3,G.,5,5,5,5,5,1,5,5,5,5,5,5,5,5,5,5,5,5,5,5,5,B.40,D.80,C.1~1.5 second(s),,4,4,5,3,2,5,5,1,C.60,C.60,D.120 minute(s),5,5
36,2022/7/23 20:59,2022/7/23 21:13,825,A.Developer,,D.5~10 year(s),A.Java,B.C/C++,C.Python,,E.JavaScript/TypeScript,F.C#,,H.Others____,lua,A.IDE built-in tool,,,,E.Intellicode,,,,,,,C.Python,,E.JavaScript/TypeScript,,,,,,5,5,3,2,3,2,1,1,1,2,1,5,5,5,5,5,5,5,5,5,5,5,C.3,E.,2,5,4,1,5,4,2,1,3,2,5,3,1,1,5,5,5,5,3,1,2,A.20,E.100,B.0.5~1 second(s),,4,5,4,3,5,2,5,3,B.40,C.60,E.20 minute(s)以上,5,5
35,2022/7/23 21:06,2022/7/23 21:12,396,C.Algorithm designer / data analyzer,,D.5~10 year(s),,,C.Python,,,,,,,A.IDE built-in tool,,C.Copilot,,,,,,,,,C.Python,,,,,,,,5,5,5,2,2,2,1,1,1,4,2,5,5,5,5,5,5,5,5,5,5,3,C.3,C.,5,5,5,2,4,1,5,2,5,2,5,4,1,1,5,5,1,1,1,1,3,A.20,D.80,A.0.5 second(s) within,,3,4,4,5,5,3,5,1,C.60,C.60,B.1~5 minute(s),5,5
34,2022/7/23 21:03,2022/7/23 21:10,446,C.Algorithm designer / data analyzer,,C.3~5 year(s),,B.C/C++,C.Python,,,,,,,A.IDE built-in tool,,,,,,,,,,,C.Python,,,,,,,,5,5,3,3,4,3,1,1,2,5,4,5,5,5,5,5,5,5,5,5,5,5,D.4,C.,2,4,5,2,3,5,3,1,3,1,4,3,3,1,1,1,4,4,1,1,4,B.40,C.60,B.0.5~1 second(s),,3,3,4,5,5,5,5,2,C.60,C.60,E.20 minute(s)以上,5,5
33,2022/7/23 20:31,2022/7/23 21:07,2173,A.Developer,,E.10 year(s)以上,,B.C/C++,C.Python,,E.JavaScript/TypeScript,,,,,A.IDE built-in tool,,C.Copilot,D.Tabnine,E.Intellicode,F.Kite,,,,,B.C/C++,,,E.JavaScript/TypeScript,,,,,,5,5,3,3,4,3,2,3,4,4,2,5,5,5,5,5,4,4,5,4,4,2,D.4,B.,2,4,4,3,3,4,2,2,4,4,4,4,2,3,4,4,2,1,2,1,2,B.40,A.20,C.1~1.5 second(s),,2,3,4,5,5,4,4,4,A.20,C.60,C.5~10 minute(s),3,5
32,2022/7/23 20:58,2022/7/23 21:03,322,F.Others____,Application,C.3~5 year(s),,B.C/C++,C.Python,,,,,,,A.IDE built-in tool,,,,,,,,,,,C.Python,,,,,,,,5,5,5,3,2,4,2,2,2,5,4,5,5,5,5,4,5,5,5,3,5,3,B.2,B.,4,5,5,3,4,5,4,1,4,1,5,3,5,1,5,1,5,3,5,2,4,A.20,E.100,A.0.5 second(s) within,,3,4,5,5,5,1,2,4,B.40,C.60,D.120 minute(s),5,5
31,2022/7/23 20:54,2022/7/23 21:02,456,B.Tester,,D.5~10 year(s),A.Java,,C.Python,,E.JavaScript/TypeScript,,,,,A.IDE built-in tool,,,,E.Intellicode,,,,,,,C.Python,,E.JavaScript/TypeScript,,,,,,4,5,2,4,2,2,1,1,1,5,3,5,5,5,5,5,4,5,2,2,3,4,C.3,B.,4,5,2,5,3,3,2,1,3,2,3,4,3,1,3,1,4,5,4,2,2,B.40,D.80,B.0.5~1 second(s),,5,2,5,5,5,4,3,4,B.40,C.60,A.1 minute(s) within,5,5
30,2022/7/23 20:41,2022/7/23 20:56,880,A.Developer,,B.1~3 year(s),A.Java,,,D.Go,,,,,,A.IDE built-in tool,,C.Copilot,,,,,,,,,,,,,,,I.Others____,,5,5,3,4,5,3,4,3,5,4,2,5,5,5,5,5,5,5,5,5,5,5,C.3,F.,5,5,4,4,5,5,5,5,5,5,5,5,5,5,5,5,5,5,5,5,1,A.20,B.40,A.0.5 second(s) within,,5,5,5,5,5,3,5,5,C.60,B.40,B.1~5 minute(s),5,5
29,2022/7/23 20:49,2022/7/23 20:55,408,C.Algorithm designer / data analyzer,,B.1~3 year(s),,B.C/C++,C.Python,,,,,,,A.IDE built-in tool,,C.Copilot,,,,,,,,,C.Python,,,,,,,,5,5,5,4,5,3,3,1,5,2,2,5,5,5,5,5,5,5,5,5,5,5,C.3,D.,4,5,5,5,5,5,5,5,5,5,5,5,5,5,5,5,5,5,5,5,1,A.20,E.100,A.0.5 second(s) within,,3,3,5,5,5,5,5,5,C.60,D.80,B.1~5 minute(s),5,5
28,2022/7/23 20:44,2022/7/23 20:49,346,A.Developer,,C.3~5 year(s),A.Java,,,,,,,,,A.IDE built-in tool,,,,,,,,,,,C.Python,,,,,,,,4,4,4,3,3,4,4,4,2,2,2,5,4,5,5,5,5,5,5,5,4,3,B.2,C.,5,4,4,5,5,3,4,2,4,2,5,4,3,1,4,1,4,4,5,3,1,A.20,E.100,A.0.5 second(s) within,,3,4,4,5,5,4,4,3,A.20,B.40,B.1~5 minute(s),5,5
27,2022/7/23 20:42,2022/7/23 20:46,273,A.Developer,,C.3~5 year(s),A.Java,B.C/C++,C.Python,,,,,,,A.IDE built-in tool,,,,E.Intellicode,,,,,,B.C/C++,,,,,,,,,5,5,3,3,4,2,2,2,5,5,2,5,5,5,3,4,5,5,3,3,2,2,C.3,D.,4,3,5,5,3,4,2,2,2,2,2,2,4,2,1,1,5,5,3,4,4,A.20,D.80,B.0.5~1 second(s),,2,3,4,5,5,2,4,5,B.40,B.40,D.120 minute(s),5,5
26,2022/7/23 20:37,2022/7/23 20:46,541,C.Algorithm designer / data analyzer,,E.10 year(s)以上,,B.C/C++,,,,,,H.Others____,Haskell,A.IDE built-in tool,,C.Copilot,,E.Intellicode,,,,,,B.C/C++,,,,,,,,无,4,4,4,3,3,3,2,2,1,4,2,4,5,5,5,5,5,5,5,5,5,4,C.3,F.,5,3,4,5,5,5,4,3,4,4,3,3,4,1,3,2,4,3,3,2,1,A.20,E.100,D.1.5~2 second(s),,1,1,5,4,5,5,5,5,C.60,D.80,E.20 minute(s)以上,3,4
25,2022/7/23 20:37,2022/7/23 20:43,347,C.Algorithm designer / data analyzer,,D.5~10 year(s),A.Java,B.C/C++,C.Python,,,,,,,A.IDE built-in tool,B.compiler-based tool,C.Copilot,,E.Intellicode,,,,,,,C.Python,,E.JavaScript/TypeScript,,,,,,5,5,5,1,5,4,3,5,1,5,4,5,5,5,5,5,3,3,5,5,5,5,B.2,B.,5,1,4,1,3,5,4,4,4,4,3,4,1,1,4,2,4,3,4,3,3,A.20,E.100,A.0.5 second(s) within,,3,4,5,4,5,2,4,5,C.60,C.60,C.5~10 minute(s),5,4
24,2022/7/22 22:06,2022/7/22 22:10,246,A.Developer,,B.1~3 year(s),A.Java,,,D.Go,,,,,,A.IDE built-in tool,,,,,,,,,,,,D.Go,,,,,,,4,4,4,3,2,3,3,4,2,2,2,4,4,5,5,5,5,5,5,5,5,5,E.5+,D.,5,4,5,4,4,2,5,2,5,5,5,5,5,1,5,5,5,5,5,1,4,B.40,D.80,C.1~1.5 second(s),,5,4,5,5,5,4,4,2,C.60,C.60,B.1~5 minute(s),5,5
23,2022/7/22 20:03,2022/7/22 20:14,691,A.Developer,,C.3~5 year(s),A.Java,,,,E.JavaScript/TypeScript,,,,,A.IDE built-in tool,,,,,,,,,,,,,E.JavaScript/TypeScript,,,,,,5,5,5,3,3,3,3,4,5,4,4,5,5,5,4,5,5,5,5,5,4,3,D.4,D.,4,5,3,2,5,3,3,2,3,2,4,4,3,3,5,4,5,5,3,3,2,C.60,B.40,C.1~1.5 second(s),,4,4,3,4,5,2,4,3,C.60,C.60,C.5~10 minute(s),5,5
22,2022/7/22 18:12,2022/7/22 19:05,3201,B.Tester,,D.5~10 year(s),A.Java,,C.Python,,,,,H.Others____,Objective-C,A.IDE built-in tool,,,,E.Intellicode,,,,,,B.C/C++,,,,,,,,,4,4,4,4,3,2,2,3,3,2,2,4,4,4,4,4,5,5,2,2,5,5,E.5+,D.,4,3,3,4,4,2,4,3,4,4,3,2,4,3,4,4,4,4,4,4,2,A.20,A.20,A.0.5 second(s) within,,4,4,4,4,4,4,4,2,B.40,C.60,B.1~5 minute(s),4,4
21,2022/7/22 18:27,2022/7/22 18:58,1874,B.Tester,,B.1~3 year(s),A.Java,,,,,,,,,A.IDE built-in tool,,,,,,,,,,,,,,,,,I.Others____,,4,1,4,4,2,2,2,2,1,2,2,4,4,4,5,4,5,5,5,5,5,5,D.4,C.,3,5,5,5,5,5,3,3,4,4,4,3,3,1,4,3,4,2,3,1,1,B.40,E.100,B.0.5~1 second(s),,4,2,4,4,4,5,5,5,B.40,B.40,B.1~5 minute(s),5,5
20,2022/7/22 18:47,2022/7/22 18:50,204,E.Architect,,C.3~5 year(s),,,C.Python,,,,,,,A.IDE built-in tool,B.compiler-based tool,,,,F.Kite,,,,A.Java,B.C/C++,C.Python,,,,,,,,5,5,3,3,5,3,3,3,4,4,4,5,5,5,5,5,5,5,5,5,5,5,D.4,B.,4,4,4,5,4,3,4,4,5,5,5,4,5,4,5,5,5,5,5,5,5,B.40,D.80,C.1~1.5 second(s),,5,5,5,5,5,3,3,3,C.60,C.60,B.1~5 minute(s),5,5
19,2022/7/22 18:28,2022/7/22 18:34,382,A.Developer,,A.less than1 year(s),A.Java,,,,,,,,,A.IDE built-in tool,,,,,,,,,A.Java,,,,,,,,,,5,1,5,1,1,5,5,5,5,5,5,1,1,2,2,2,3,3,3,3,3,3,C.3,C.,3,3,3,3,3,3,3,3,3,3,3,3,3,1,3,1,3,1,3,1,3,E.100,E.100,C.1~1.5 second(s),,3,3,3,3,3,3,3,3,C.60,C.60,B.1~5 minute(s),3,5
18,2022/7/22 18:27,2022/7/22 18:31,231,A.Developer,,B.1~3 year(s),,,C.Python,,,,,,,A.IDE built-in tool,,,,,F.Kite,,,,,,,,,,,,I.Others____,无,5,5,5,4,5,2,1,5,2,2,2,5,5,5,5,5,5,5,5,5,5,5,B.2,B.,5,5,5,5,5,5,5,5,5,5,5,5,5,1,5,2,5,2,5,1,3,A.20,D.80,B.0.5~1 second(s),,2,4,4,4,5,5,5,5,C.60,D.80,E.20 minute(s)以上,5,5
17,2022/7/22 18:05,2022/7/22 18:17,714,B.Tester,,C.3~5 year(s),,,C.Python,,,,,,,A.IDE built-in tool,,,,,,,,,,,C.Python,,,,,,,,2,1,2,2,1,3,3,3,3,3,3,3,3,4,4,4,5,5,5,5,5,5,B.2,D.,5,4,4,4,4,5,3,3,5,2,5,1,2,1,5,2,3,3,3,3,1,D.80,D.80,C.1~1.5 second(s),,3,4,5,4,4,4,4,4,B.40,B.40,A.1 minute(s) within,3,3
16,2022/7/20 10:35,2022/7/20 10:40,287,A.Developer,,B.1~3 year(s),,,,D.Go,,,,,,A.IDE built-in tool,,,,,,,,,,B.C/C++,,,,,,,,,5,4,4,4,2,2,2,2,2,2,4,5,5,5,5,5,5,5,5,5,5,5,D.4,C.,4,4,4,3,3,5,2,2,3,3,3,3,3,3,3,3,4,4,3,3,4,B.40,E.100,A.0.5 second(s) within,,4,4,4,4,4,3,3,5,B.40,B.40,C.5~10 minute(s),4,4
15,2022/7/19 17:08,2022/7/19 19:44,781,A.Developer,,B.1~3 year(s),A.Java,,,,,,,,,A.IDE built-in tool,,,,,,,,,,,C.Python,,,,,,,,,5,5,4,1,1,1,3,1,3,5,5,5,5,5,5,5,5,5,5,5,5,A.1,B.,5,4,4,4,5,4,4,3,5,4,5,1,5,1,5,1,5,3,5,4,2,A.20,D.80,A.0.5 second(s) within,,3,4,5,5,5,3,5,3,,,D.120 minute(s),5,5
14,2022/7/19 19:09,2022/7/19 19:12,155,A.Developer,,A.less than1 year(s),,B.C/C++,,,,,,,,,B.compiler-based tool,,,,,,,,,B.C/C++,,,,,,,,,,5,3,3,4,5,5,5,1,3,5,5,5,5,5,5,5,5,4,4,4,4,C.3,B.,5,3,3,5,5,5,5,1,5,1,5,2,5,1,5,1,5,1,5,1,5,E.100,D.80,A.0.5 second(s) within,,5,5,5,5,5,5,5,5,,,A.1 minute(s) within,5,5
13,2022/7/18 21:16,2022/7/18 21:30,865,A.Developer,,C.3~5 year(s),,B.C/C++,C.Python,D.Go,,,,,,A.IDE built-in tool,B.compiler-based tool,,,,,,,,,B.C/C++,,,,,,,,,,5,5,4,5,2,3,3,1,1,1,5,5,5,5,5,3,3,5,5,5,5,E.5+,B.,3,3,3,1,1,5,1,1,3,3,3,3,5,1,3,3,5,5,3,3,1,A.20,E.100,A.0.5 second(s) within,,4,4,4,4,4,1,1,5,,,E.20 minute(s)以上,4,4
12,2022/7/18 20:51,2022/7/18 21:01,614,A.Developer,,C.3~5 year(s),,B.C/C++,C.Python,,,,,,,A.IDE built-in tool,,,,,,,,,,B.C/C++,,,,,,,,,,5,5,4,4,2,3,5,1,2,4,5,5,5,5,5,5,3,5,5,5,3,B.2,C.,3,5,1,5,5,3,4,1,5,2,5,2,5,1,5,1,4,2,5,1,2,B.40,E.100,B.0.5~1 second(s),,4,3,5,4,5,4,4,2,,,B.1~5 minute(s),2,5
11,2022/7/18 17:30,2022/7/18 17:45,899,A.Developer,,B.1~3 year(s),,,C.Python,D.Go,,,,,,A.IDE built-in tool,,,,,,,,,,,C.Python,D.Go,,,,,,,,2,1,3,2,3,3,3,5,1,3,4,4,4,4,5,4,5,5,4,4,5,D.4,E.,4,4,5,1,1,5,3,3,4,5,3,1,4,3,3,3,5,5,4,2,4,B.40,E.100,A.0.5 second(s) within,,4,4,4,5,5,1,2,4,,,B.1~5 minute(s),5,5
10,2022/7/16 15:57,2022/7/16 16:33,2162,C.Algorithm designer / data analyzer,,C.3~5 year(s),A.Java,B.C/C++,C.Python,,,,,,,A.IDE built-in tool,,C.Copilot,,,,G.aiXcoder,,,,,,,,,,,I.Others____,都还不错,,5,5,5,5,2,2,2,5,3,1,5,5,5,5,5,5,5,5,5,5,1,C.3,E.,5,5,5,5,5,3,5,5,5,5,5,5,5,1,5,4,5,5,5,5,2,A.20,E.100,B.0.5~1 second(s),,2,4,5,3,5,5,5,3,,,B.1~5 minute(s),5,4
9,2022/7/16 10:13,2022/7/16 10:16,186,C.Algorithm designer / data analyzer,,E.10 year(s)以上,,B.C/C++,,,,,,,,A.IDE built-in tool,,,,,,,,,,B.C/C++,,,,,,,,,,5,5,3,5,5,5,5,3,2,5,5,5,5,5,5,5,5,5,5,5,5,C.3,G.,5,5,5,5,5,5,5,1,5,1,5,1,5,1,5,1,5,1,5,1,5,B.40,B.40,B.0.5~1 second(s),,5,5,5,5,5,5,5,5,,,B.1~5 minute(s),5,5
8,2022/7/15 20:39,2022/7/15 20:52,756,A.Developer,,D.5~10 year(s),,B.C/C++,C.Python,,,,,,,A.IDE built-in tool,B.compiler-based tool,C.Copilot,,,,,,,,,,,,,,,I.Others____,只用过C/C++ 补全很好,,5,5,5,3,1,1,2,4,5,3,5,5,5,5,5,5,5,5,5,5,5,C.3,C.,5,5,5,5,5,5,5,5,5,5,5,5,4,2,5,5,5,5,5,5,2,A.20,E.100,A.0.5 second(s) within,,5,5,5,5,5,5,5,5,,,E.20 minute(s)以上,5,5
7,2022/7/15 20:30,2022/7/15 20:48,1059,A.Developer,,B.1~3 year(s),,,C.Python,,,,,,,A.IDE built-in tool,,,,,,,,,A.Java,,,,,,,,,,,3,3,3,3,2,2,3,2,3,4,3,3,4,4,3,4,3,4,3,4,3,C.3,B.,5,4,3,3,4,4,3,3,3,3,3,3,3,3,3,3,3,3,3,3,3,C.60,B.40,A.0.5 second(s) within,,3,3,3,3,3,3,3,3,,,C.5~10 minute(s),3,4
6,2022/7/15 20:20,2022/7/15 20:33,761,A.Developer,,B.1~3 year(s),A.Java,B.C/C++,,,,,,,,A.IDE built-in tool,B.compiler-based tool,,,,,,,,A.Java,,,,,,,,,,,5,4,4,2,2,2,3,1,4,4,5,5,5,5,4,5,5,5,5,5,5,B.2,D.,5,5,3,3,4,4,3,1,4,1,4,2,3,1,4,1,4,3,4,3,2,B.40,E.100,A.0.5 second(s) within,,3,4,5,5,5,3,5,3,,,B.1~5 minute(s),4,4
5,2022/7/15 20:14,2022/7/15 20:28,817,A.Developer,,D.5~10 year(s),,B.C/C++,,,,,,H.Others____,scala,A.IDE built-in tool,B.compiler-based tool,C.Copilot,,,,,,,,B.C/C++,,,,,,,,,,5,4,3,5,4,3,2,3,3,4,5,5,5,5,5,5,5,5,5,4,4,D.4,E.,4,3,5,3,4,4,5,5,5,5,5,5,5,5,5,5,5,5,5,5,4,A.20,D.80,B.0.5~1 second(s),,4,4,5,5,5,4,4,4,,,D.120 minute(s),5,5
4,2022/7/15 17:12,2022/7/15 17:17,308,A.Developer,,C.3~5 year(s),A.Java,B.C/C++,C.Python,,,,,H.Others____,Scala,A.IDE built-in tool,B.compiler-based tool,,,E.Intellicode,,,,,A.Java,B.C/C++,,,,,,,,,,3,2,2,4,5,5,5,2,3,5,4,4,5,5,4,5,4,5,4,3,2,C.3,D.,4,4,4,2,2,5,3,3,4,4,3,2,2,2,4,3,5,3,4,3,3,B.40,D.80,B.0.5~1 second(s),,4,4,4,4,4,2,2,4,,,D.120 minute(s),4,4
3,2022/7/15 16:06,2022/7/15 16:19,771,A.Developer,,C.3~5 year(s),,B.C/C++,,,,,,,,A.IDE built-in tool,,,,,,,,,,,,,,,,,I.Others____,用IDE的体验其实还不错，没有不满意的,,5,5,4,5,2,1,2,1,1,1,5,5,5,5,4,5,5,5,5,5,5,C.3,D.,5,3,5,3,4,5,2,2,2,2,2,2,2,2,4,4,3,3,1,1,3,A.20,C.60,E.2 >second(s),,3,3,5,5,5,5,5,5,,,D.120 minute(s),5,5
2,2022/7/15 11:54,2022/7/15 11:59,314,A.Developer,,B.1~3 year(s),A.Java,B.C/C++,,,,,,,,,B.compiler-based tool,,,E.Intellicode,,G.aiXcoder,,,,B.C/C++,,,,,,,,,,,,,,3,3,5,2,2,1,5,3,3,5,5,5,5,3,3,3,3,B.2,C.,4,3,5,2,4,4,3,3,3,3,4,3,3,3,4,3,4,4,4,3,1,C.60,D.80,A.0.5 second(s) within,,4,4,4,5,5,2,5,4,,,D.120 minute(s),4,3
1,2022/7/14 16:33,2022/7/14 16:42,564,A.Developer,,D.5~10 year(s),,B.C/C++,C.Python,,E.JavaScript/TypeScript,,,,,,B.compiler-based tool,,D.Tabnine,,,,,,,B.C/C++,,,,,,,,,,,,,,3,3,4,4,5,3,5,5,5,5,3,5,5,5,5,5,5,B.2,B.,5,5,5,3,3,3,1,1,5,5,2,3,1,1,5,5,3,3,2,2,1,A.20,E.100,A.0.5 second(s) within,,1,1,4,4,4,3,3,3,,,E.20 minute(s)以上,4,5